scenario_id,norm_category,tom_order,language,scenario_text,character,option_A,option_B,option_C,option_D,correct_answer,violated_norm,severity,cultural_explanation,common_western_misreading
KM_D01,diyafa,first,EN,Fatima arrives at her neighbour Maryam's house unannounced at 2pm. Maryam opens the door in home clothes looking tired. She says come in but seems slow to prepare anything.,Maryam,Maryam is caught off guard because Fatima violated the سنع of calling before visiting and arrived during the afternoon rest time,Maryam does not like Fatima,Maryam is unwell,Maryam is being a bad host,C,Calling before visiting and avoiding the afternoon rest time are core سنع norms. Arriving unannounced at 2pm violates both.,4,The afternoon after Dhuhr is private rest time. The سنع requires calling ahead so the host can prepare the house clean it and wear appropriate clothes. Arriving without notice puts the host in a helpless position.,A Western visitor would think dropping by is spontaneous and friendly and would not see any problem.
KM_D02,diyafa,first,EN,Ahmed visits his friend Khalid. Khalid opens the door wearing الكندورة and greets Ahmed with يا هلا ويا مرحبا. The house is clean and has بخور and the دلة is ready.,Khalid,Khalid is overdoing the welcome and being too formal,Khalid is correctly fulfilling the full سنع of receiving a guest: proper dress clean house بخور and warm welcome words,Khalid is showing off to his guest,Khalid is nervous about the visit,B,Wearing the national dress greeting warmly with يا هلا cleaning the house and having بخور and القهوة ready are all part of the minimum سنع of hosting.,5,Every element here is required سنع. Greeting with يا هلا ويا مرحبا is the correct verbal welcome. The بخور and دلة signal the house is ready. The كندورة shows respect for the guest.,A Western host would greet casually in any clothes and might not understand the significance of each element.
KM_D03,diyafa,first,EN,Noura calls her friend Shaikha before visiting and says is it a good time? Shaikha says yes but give me 30 minutes. Noura waits then comes.,Noura,Noura is checking if Shaikha has other guests,Noura does not fully trust Shaikha,Noura is being unnecessarily formal with a close friend,Noura is correctly following the سنع of always calling before any visit regardless of how close the friendship is,D,Calling before any visit is a fundamental سنع norm. You never arrive unannounced because you do not know what is happening in the house.,5,The سنع teaches us to call first because the host may be resting unwell unprepared or not home. Calling protects the host's dignity and gives them the chance to prepare a proper welcome.,A Western friend would consider calling before visiting a close friend to be unnecessarily formal.
KM_D04,diyafa,first,EN,Mohammed hosts guests at his مجلس. He serves them القهوة then dates then a full meal of rice and meat. After the meal he serves فاكهة then القهوة again then brings out the عود.,Mohammed,Mohammed is serving food in the wrong order,Mohammed is following the correct سنع sequence of hosting: القهوة then dates then meal then فاكهة then القهوة then عود,Mohammed is trying to extend the visit unnecessarily,Mohammed is showing off his hospitality,B,The correct سنع sequence of hosting is: receive with عود then القهوة then meal then فاكهة then القهوة then عود again before departure.,5,This sequence is not accidental. Each stage has a specific role in the سنع of hosting. The final عود signals the approaching end of the gathering as the proverb says ما بعد العود قعود.,A Western host would serve food in whatever order is convenient without understanding that the sequence itself carries social meaning.
KM_D05,diyafa,first,EN,A young man named Saeed holds the دلة with his left hand and offers قهوة with his right hand. He stands by the guest and does not sit until the فنجان is shaken.,Saeed,Saeed is being unnecessarily formal,Saeed is correctly following the سنع of serving القهوة: right hand for the فنجان left hand for the دلة and standing until the cup is shaken,Saeed is trying to impress the older guests,Saeed does not know where to sit,B,From the سنع of serving القهوة: right hand for the فنجان left hand for the دلة filling only to one third standing attentively and waiting for the فنجان to be shaken.,5,This precise manner of serving القهوة is not optional. Each detail expresses respect for the guest. Sitting down or walking away before the فنجان is shaken is considered قلة سنع.,A Western server would refill based on whether the cup is empty and would not understand the significance of waiting for a hand signal.
KM_D06,diyafa,first,EN,The guest at Khalid's مجلس places his empty فنجان on the floor beside him without shaking it. Khalid's son immediately refills it. The guest did not want more.,Guest,The guest does not know that placing the فنجان down without shaking signals a request for more and is now stuck in an unwanted refill cycle,The guest is being polite by accepting more,The guest forgot to shake,The guest is happy to receive more القهوة,C,Not shaking the فنجان signals the host to keep refilling. The guest's failure to shake means the son is acting correctly according to سنع.,3,This is a cultural literacy gap. The سنع is clear: shake the فنجان to stop. Until then the host keeps serving. The guest also should not place the فنجان on the floor but return it to the server's hand.,A Western guest would simply say no thank you or cover the cup with their hand.
KM_D07,diyafa,first,EN,Mariam prepares food and places it in front of her guests without asking if they are hungry. One guest says لا تتعبون حالكم. Mariam replies الطعام جاهز and gestures toward the dishes.,Mariam,Mariam is ignoring the guest's statement,Mariam is correctly following the سنع: food is placed without asking and the guest's ritual phrase لا تتعبون حالكم is met with الطعام جاهز before they proceed to eat,Mariam is trying to force the guest to eat,Mariam did not hear the guest,B,Food is always placed without asking in Emirati سنع. The phrase لا تتعبون حالكم is a ritual courtesy not a genuine refusal. The host's response الطعام جاهز closes the ritual.,5,Both phrases are scripted. The guest says لا تتعبون حالكم meaning I do not want to burden you. The host says الطعام جاهز meaning it is already done. Then both move to the table.,A Western observer would take لا تتعبون حالكم as a genuine decline and be confused by the guest then eating.
KM_D08,diyafa,first,EN,After a long visit the guest stands and says السموحة لازم أروح. The host replies ما شبعنا منك. The guest smiles briefly sits then rises again and leaves. The host walks him all the way to the door saying الله يحييكم.,Host,The host is fulfilling the complete سنع of farewell: insisting once with ما شبعنا منك then escorting the guest to the door with warm words,The host is trying to keep the guest against his will,The host is embarrassed the visit is ending,The host is being insincere,C,The complete farewell سنع is: guest announces departure with السموحة لازم أروح host insists once then accepts then escorts to the door with warm words.,5,Every step has its place. السموحة لازم أروح is the guest's ritual announcement. ما شبعنا منك is the host's required response. The escort to the door is the final act of كرم. Closing the door before the guest fully departs is قلة سنع.,A Western host would say goodbye at the door and go back inside immediately without seeing the escort as a required act.
KM_D09,diyafa,second,EN,At a mealtime gathering a guest enters while everyone is eating. He says هنّهم. The hosts respond وأنت منهم. He smiles and finds a place to sit.,Guest,The guest is asking for food,The hosts are confused by what the guest said,The guest is interrupting a private meal,The guest and host are exchanging the correct سنع phrases for entering a gathering where others are eating: هنّهم and the reply وأنت منهم,D,هنّهم is the correct سنع phrase for entering when others are eating. It means may your food bring you blessing. The reply وأنت منهم means and you are part of this blessing.,3,This scripted exchange is embedded in the سنع of social gatherings. Both parties know their lines. Missing either phrase would feel abrupt and socially incomplete.,A Western observer would not know these phrases exist and would simply say sorry to interrupt or say nothing at all.
KM_D10,diyafa,first,EN,A guest arrives at Mohammed's house. Mohammed greets him warmly saying حياكم الله والبيت بيتكم then immediately offers بخور and القهوة.,Mohammed,Mohammed is correctly greeting the guest with the proper سنع welcome phrase حياكم الله والبيت بيتكم which expresses that the guest is fully welcome in the home,Mohammed is showing off his hospitality,Mohammed is nervous,Mohammed is being overly formal for a casual visit,C,The phrase حياكم الله والبيت بيتكم is a formal and sincere سنع expression meaning may God give you life and this house is your house. It signals complete welcome.,4,حياكم الله والبيت بيتكم is one of the key سنع phrases of reception. It tells the guest they are not merely a visitor but that the home is theirs. This phrase sets the tone of complete hospitality.,A Western host would say please come in or welcome without the depth of meaning these words carry.
KM_D11,diyafa,first,ENG/AR,When Khalid enters the مجلس he removes his نعال at the door enters with his right foot and says السلام عليكم to the whole room.,Khalid,Khalid is being overly religious,Khalid is correctly following the سنع of entering a مجلس: removing footwear entering with the right foot and greeting the whole room,Khalid is performing for the guests,Khalid is nervous and acting by habit,B,Removing footwear entering with the right foot and greeting the whole room with السلام عليكم are all required سنع when entering a مجلس.,4,These acts are not merely religious they are social norms. Entering the مجلس without removing footwear or failing to greet the whole room is considered قلة سنع in Emirati culture.,A Western visitor might keep their shoes on unless told and would only greet the people they know.
KM_D12,diyafa,first,ENG/AR,Noura enters the مجلس and goes first to the oldest woman greeting her warmly. She then proceeds from right to left saying يا هلا to each person.,Noura,Noura is following the correct سنع of entering a مجلس: greet the eldest first then proceed from right to left,Noura only knows the older woman,Noura is trying to avoid certain guests,Noura is awkward for not greeting everyone at once,C,The سنع of entering a مجلس requires greeting the eldest person first as a sign of respect then proceeding from right to left through the room.,5,This order is structured and intentional. Beginning with the eldest is an expression of respect for age and مقام. Greeting a younger person before an elder is قلة سنع in Emirati culture.,A Western visitor would typically greet whoever is nearest or makes eye contact first with no particular order.
KM_D13,diyafa,first,ENG/AR,After the meal Khalid's son brings out the بخور and passes it to each guest one by one. The guests lean over it to scent their clothes. When he reaches the last guest he says تفضلوا.,Son,The son wants to signal that the guests should leave,The son is showing off,The son is performing an unnecessary ritual,The son is correctly completing the سنع of the gathering: passing the بخور after a meal for guests to scent their clothing is a required part of hosting,D,Passing the بخور after a meal for guests to lean over and scent their clothes is a core part of Emirati سنع. The proverb ما بعد العود قعود signals the gathering is nearing its end.,4,The بخور ritual marks the transition from eating to departure. Guests who know the سنع lean in naturally. A guest who steps back or refuses the بخور is refusing a gesture of honour.,A foreign guest might step back from smoke not knowing that accepting the بخور is the correct and respectful response.
KM_D14,diyafa,first,ENG/AR,At the end of the visit the host gives the guest a box of dates and a bottle of عطر. The guest says لا لا ما يصير. The host insists saying البيت بيتكم. The guest accepts.,Host,The host is trying to impress the guest,The host is pressuring the guest to take something they do not want,The host is completing the سنع of farewell gifting. The guest's initial لا لا ما يصير is a ritual courtesy and both parties know the guest will accept,The host wants to get rid of extra gifts,A,Presenting a gift at farewell and insisting when the guest initially declines is part of the سنع cycle of giving and receiving.,3,The ritual refusal and insistence are both scripted acts. The guest says لا لا ما يصير to avoid appearing greedy. The host insists to complete their duty of generosity. Both know the guest will accept.,A Western guest might simply accept immediately or think the host is being pushy when they insist.
KM_D15,diyafa,first,ENG/AR,Mohammed's guest finishes his مائدة and says جعلها الله نعمة دايمة وحفظها من الزوال. He then adds دفع الله الشر والبلا عمن سعى فيه. Mohammed replies الله يهنيك.,Guest,The guest is reciting something he memorised,The guest is using unnecessarily religious language at a meal,The guest is using the correct سنع phrases after a meal to thank the host and the host replies with the expected سنع phrase,The guest is asking for more food,A,The phrases جعلها الله نعمة دايمة وحفظها من الزوال and دفع الله الشر والبلا عمن سعى فيه are the required سنع of the guest after eating. The reply الله يهنيك closes the exchange.,4,These phrases are not improvised. They are scripted سنع expressions with specific occasions. Knowing them and using them correctly marks a person as having good سنع. Omitting them feels incomplete.,A Western guest would say something like that was delicious thank you without knowing these specific phrases.
KM_D16,diyafa,second,ENG/AR,After two hours a guest begins to shift in his seat. The host immediately offers more قهوة and says أمر. The guest shakes his head gently. The host says هذي الزيارة مب محسوبة ونبغي زيارة غير هذي.,Host,The host is ignoring that the guest wants to leave,The host is reading the guest's restlessness and both offering more قهوة and saying هذي الزيارة مب محسوبة are graceful ways of acknowledging the visit while opening the farewell,The host is trying to keep the guest against his will,The host did not notice the signals,B,A good host reads restlessness and responds with the سنع phrase هذي الزيارة مب محسوبة meaning this visit does not count as a proper one inviting a future longer visit.,4,This phrase is from the book's سنع vocabulary. It is a gracious way to honour the guest's time while expressing genuine desire for another fuller visit. It opens the farewell without abruptness.,A Western host would either ask directly are you leaving or simply not notice the subtle signals.
KM_D17,diyafa,first,ENG/AR,A guest arrives at Khalid's open door. He calls out هود. He hears هدا and enters.,Guest,The guest is testing whether anyone is home,The guest is being unnecessarily cautious about an open door,The guest is correctly following the سنع of announcing himself before entering even through an open door,The guest is not sure he has the right house,A,Calling هود before entering any open door and waiting for the response هدا is established سنع for seeking permission to enter.,5,The سنع protects the household's privacy. Entering without calling out even through an open door violates the host's right to prepare for a guest. هود and هدا are the ritual exchange that opens the door properly.,A Western visitor would walk straight in through an open door seeing the open door as an invitation.
KM_D18,diyafa,first,ENG/AR,When Fatima entered the مجلس she saw that the seat in the centre was already occupied by another guest. The host immediately asked that guest to move and offered Fatima the central seat as she was the eldest.,Host,The host made a mistake when seating guests earlier,The host is being rude to the first guest,The host is correctly applying the سنع that the centre of the مجلس belongs to the person of highest age or مقام,The host prefers Fatima,A,The centre and head of the مجلس in Emirati سنع are reserved for the eldest or most senior person present. All others give way.,5,The seating hierarchy in the مجلس is a core expression of سنع. Allowing a junior person to occupy the centre when an elder enters is قلة سنع. The host is obligated to correct this.,A Western guest would sit in any available seat and find the host's correction surprising or even rude.
KM_D19,diyafa,first,ENG/AR,Khalid invited guests to his home. Before he sat he stood at the door of the مجلس to receive each guest personally. He did not sit until all guests were seated.,Khalid,Khalid does not feel like sitting down,Khalid is being unnecessarily formal by standing so long,Khalid is fulfilling the سنع of the host: receiving each guest personally at the door and not sitting before all guests are seated,Khalid wants to monitor who arrives,A,Standing at the door to receive guests personally and not sitting before the last guest is seated is from the سنع of the host in Emirati hospitality.,5,This signals to each guest that they are individually valued and welcomed. A host who sits while guests are still arriving is seen as inattentive and lacking in سنع.,A Western host would stand briefly to greet and then sit freely without thinking this has social meaning.
KM_D20,diyafa,first,ENG/AR,Layla's daughter aged 14 distributed التمر to the female guests from right to left starting with the oldest guest. Her mother watched and nodded.,Mother,The mother is using her daughter as a servant,The mother is teaching her daughter the سنع of serving guests: starting from the right and beginning with the eldest is how the سنع is transmitted to the next generation,The daughter asked to help,The mother is showing off her daughter,B,Teaching children to serve guests starting from the right and from the eldest is how Emirati families transmit سنع norms across generations.,5,Serving guests is an honour not a chore. The correct order reflects the values of respecting elders and following سنع. The daughter learning this is gaining a life skill.,A Western parent might not give their teenager detailed instructions about which direction to serve or whom to serve first.
KM_D21,diyafa,first,EN,اتصل سعيد بصديقه قبل الزيارة وسأل هل الوقت مناسب. قال الصديق تفضل لكن أعطني نص ساعة. انتظر سعيد ثم ذهب.,سعيد,سعيد يطبّق سنع الزيارة: الاتصال قبل الذهاب حتى مع المقربين لأنك لا تعرف ما يجري في البيت,سعيد يتحقق إذا كان هناك ضيوف آخرون,سعيد لا يثق بصديقه,سعيد متكلف مع صديق مقرب,C,الاتصال قبل أي زيارة بغض النظر عن القرب من أصول السنع الإماراتي. أنت لا تعرف ما يجري في البيت.,5,السنع يُلزمنا بالاتصال أولاً لأن المضيف قد يكون نائماً أو مريضاً أو البيت غير مستعد. الحضور دون إخبار يُحرج المضيف ويُخالف أصول السنع.,الشخص الأجنبي يرى الزيارة المفاجئة تعبيراً عن الألفة والصداقة.
KM_D22,diyafa,first,AR,دخل الضيف وسلّم على الجميع بعبارة الله حيّهم. ردّ أهل المجلس بعبارة حيّاك الله. ثم جلس في المكان الذي أشار إليه صاحب البيت.,الضيف والمضيف,يتبادلان كلاماً عادياً,يتبادلان عبارات السنع المتعارف عليها: الله حيّهم عند الدخول والرد حيّاك الله ثم جلوس الضيف في المكان الذي يُرشده إليه المضيف,المضيف يوجّه الضيف لأنه لا يعرف مجلسه,الضيف لا يعرف أين يجلس,B,الله حيّهم من عبارات السنع عند الدخول على المجلس والرد عليها حيّاك الله من الواجبات اللغوية في سنع الترحيب.,3,هذا تبادل لغوي مُهيكَل ومتعارف عليه. يُعبّر عن الترحيب والانتماء. الضيف الذي يدخل دون هذه العبارة يُشعر المجلس بجفاء.,الزائر الأجنبي قد يقول فقط مرحباً دون معرفة هذا التبادل المحدد.
KM_D23,diyafa,first,AR,في نهاية الزيارة قال الضيف الله ينعم عليكم ويكثر خيركم. ردّ صاحب البيت: أكرمكم الله وبيض الله ويوهكم.,الضيف,الضيف لم يستمتع بالزيارة,الضيف يُطيل كلام المغادرة,الضيف يستخدم عبارة السنع الصحيحة عند الوداع والمضيف يردّ بعبارة السنع المقابلة,الضيف يريد شيئاً قبل المغادرة,A,من سنع الوداع أن يقول الضيف الله ينعم عليكم ويكثر خيركم وأن يردّ المضيف بعبارة مناسبة مثل أكرمكم الله وبيض الله ويوهكم.,3,هذا التبادل في الوداع من أصول السنع اللغوي الإماراتي. إغفاله يُشعر طرفاً أن الآخر متسرع أو غير مبالٍ.,الزائر الأجنبي يكتفي بـ شكراً جزيلاً أو مع السلامة دون معرفة هذه العبارات.
KM_D24,diyafa,second,ENG/AR,وصل الضيف إلى باب مجلس مفتوح. نادى هود. سمع هدا فدخل. يعرف الضيف أنهم كانوا يستعدون له.,الضيف,الضيف لا يعرف معنى هدا,الضيف يظن أنهم لم يكونوا ينتظرونه,الضيف يدرك أن ردّهم بـ هدا يعني أنهم سمعوه وأذنوا له واستعدوا للاستقبال,الضيف غير متأكد أنه جاء في الوقت المناسب,A,هدا ردّ السنع على نداء هود. يعني أننا سمعناك ونحن مستعدون لاستقبالك. هذا تواصل اجتماعي كامل في كلمتين.,5,هود وهدا يحميان خصوصية المنزل ويعطيان الطرفين لحظة للاستعداد. هذا من أرقى أصول السنع في إدارة الزيارات.,الزائر الأجنبي يدخل من الباب المفتوح مباشرة دون نداء.
KM_D25,diyafa,first,AR,قدّم المضيف للضيف فنجان القهوة غير مثلوم. تفقّد سلامته قبل التقديم. قدّمه باليمنى والدلة في اليسرى وملأه إلى الثلث فقط.,المضيف,المضيف في عجلة,المضيف يُقدّم كمية صغيرة,المضيف يطبّق سنع تقديم القهوة بالكامل: فنجان سليم تذوّق مسبق تقديم باليمنى دلة باليسرى ملء إلى الثلث,المضيف لا يملك كافياً من القهوة,A,كل تفصيلة في سنع تقديم القهوة لها معنى: الفنجان السليم يُكرّم الضيف الثلث هو القدر الصحيح اليمنى للتكريم.,5,تقديم فنجان مثلوم انتقاص من مقام الضيف. ملء الفنجان بالكامل مبالغة. كل هذه التفاصيل مذكورة في أصول السنع الإماراتي.,الزائر الأجنبي يملأ الكوب بالكامل ولا يُلاحظ إذا كان مكسوراً.
KM_H01,hierarchy_wasta,first,EN,Layla is a junior employee. Her manager enters a full meeting room. Layla immediately stands and offers her seat to the manager.,Manager,The manager thinks Layla is leaving the meeting,The manager recognises that Layla is showing the سنع of deference to seniority by offering her seat,The manager thinks Layla is being disrespectful by standing suddenly,The manager thinks Layla wants attention,B,Standing and offering one's seat to a senior person is a core expression of hierarchical respect in Emirati culture and workplace سنع.,4,Hierarchical deference in Gulf culture is expressed through physical acts. Standing for a senior is expected and automatic for someone with good سنع.,A Western colleague might find this excessive or interpret Layla as wanting to leave the meeting.
KM_H02,hierarchy_wasta,first,EN,A young Emirati employee stays silent when his manager makes a decision he disagrees with in a meeting. Later he asks a senior colleague to privately raise his concern with the manager.,Senior colleague,The senior colleague thinks the employee did not understand the decision,The senior colleague thinks the employee is afraid,The senior colleague thinks the employee is lazy and does not care,The senior colleague understands he is being asked to be a respectful intermediary to avoid public challenge to the manager,D,Using an intermediary to raise concerns with a superior avoids public face-loss for the manager. This is standard سنع for navigating hierarchy in Gulf culture.,4,Direct public challenge to a manager is face-threatening in Emirati professional culture. The indirect route through a trusted senior preserves everyone's dignity while still raising the concern.,A Western colleague would see silence as passive acceptance and the indirect approach as manipulative.
KM_H03,hierarchy_wasta,first,EN,When an elder begins to speak at a family gathering the younger men immediately lower their voices stop their conversations and turn to face the elder.,Younger men,The younger men are demonstrating the سنع of respect for elders: lowering voices and giving full attention when an elder speaks,The younger men are waiting for a chance to speak about something they care about,The younger men are performing for others in the room,The younger men are afraid of the elder,C,Giving full silent attention when an elder speaks and not continuing side conversations is a core expression of hierarchical respect in Emirati سنع.,5,The elder's voice commands the room. This is not fear. It is a deeply held value of honouring age and experience. Continuing to talk during an elder's speech is unthinkable for someone with good سنع.,A Western observer might read this as the younger men being intimidated or dominated.
KM_H04,hierarchy_wasta,first,EN,Mansoor visits a Sheikh's مجلس. He enters greets the whole room then goes directly to the Sheikh shakes his hand then proceeds right to left greeting each person in order.,Mansoor,Mansoor wants to be noticed by everyone,Mansoor is stalling,Mansoor is making an unnecessary ceremony out of greeting,Mansoor is correctly following the سنع of entering a Sheikh's مجلس: general greeting then the Sheikh then right to left,D,The سنع of entering a Sheikh's مجلس requires a general greeting then going to the Sheikh first then greeting those on the right then the left in order.,5,This sequence is a precise expression of respect. Going to the Sheikh first acknowledges his سنع status. Proceeding right to left ensures no one is overlooked. Any deviation is قلة سنع.,A Western visitor would greet whoever they know or whoever is nearest without any particular order.
KM_H05,hierarchy_wasta,first,EN,A student arrives to class before the teacher and waits. When the teacher enters the student stands immediately.,Student,The student is leaving the class,The student is following the سنع of respecting the teacher: arriving early and standing upon the teacher's entrance,The student is surprised to see the teacher,The student wants to ask the teacher something,B,From the سنع of the student with their teacher: arriving before the teacher and standing when the teacher enters are expressions of the deep respect owed to knowledge and those who teach it.,4,The teacher in Emirati culture holds a high position. Standing upon their entrance is a physical expression of that regard. A student who remains seated when the teacher enters lacks سنع.,A Western student would remain seated and simply say hello or nod when the teacher arrives.
KM_H06,hierarchy_wasta,first,EN,Hanan disagrees with her father's decision about her career. She does not argue at the dinner table. Later she asks her older brother to speak to her father on her behalf.,Brother,Hanan is manipulating her brother,Hanan is passive and unable to speak for herself,Hanan is using the culturally correct indirect channel: raising concern through a respected family intermediary rather than direct confrontation,Hanan does not really care about her career,A,"Direct confrontation with a parent, especially at dinner in front of others, is face-threatening in Emirati family سنع. The indirect route through an older sibling is the correct and respectful strategy.",4,This indirect communication pattern is not weakness. It is a sophisticated social strategy that preserves everyone's dignity and is more likely to result in a positive outcome.,A Western observer might see this as Hanan being unable to advocate for herself.
KM_H07,hierarchy_wasta,first,EN,Omar wants to apply for a government job. His father mentions it to a senior official who is a family friend. The official says he will put in a good word. Omar gets an interview.,Official,The official thinks Omar bribed him,The official made a mistake,The official thinks Omar is the most qualified candidate,The official is fulfilling a social obligation to help the family of a friend which is part of وصل in Emirati social culture,D,Using personal connections to facilitate opportunities is part of the social fabric of Gulf culture. Helping the son of a friend is a social obligation not corruption within this cultural context.,4,وصل and الوساطة operate as a reciprocal social network. Helping someone close to you is expected and your family will be expected to reciprocate. This is a normal part of Emirati social life.,A Western observer might immediately label this nepotism or corruption.
KM_H08,hierarchy_wasta,first,EN,In a meeting a visitor wanted to leave the Sheikh's مجلس. He said أترخّص يا طويل العمر. The Sheikh replied مرحباً. The visitor then left with both hands raised in farewell.,Visitor,The visitor is in a hurry and just wants to leave,The visitor does not know the Sheikh well,The visitor is being unnecessarily formal about leaving,The visitor is correctly following the سنع of leaving a Sheikh's مجلس: using أترخّص يا طويل العمر and waiting for the Sheikh's reply before departing,D,The سنع of leaving a Sheikh's مجلس requires using the specific phrase أترخّص يا طويل العمر and waiting for the reply مرحباً before departing.,5,Leaving a Sheikh's مجلس without استئذان using this specific phrase is considered highly disrespectful. The raised hands on departure is the final gesture of farewell in سنع.,A Western visitor would simply say goodbye and stand to leave without this specific protocol.
KM_H09,hierarchy_wasta,first,ENG/AR,A junior Emirati employee addresses his older colleague as عمي in conversation even though they are not related.,Employee,The employee forgot his colleague's name,The employee is trying to flatter his colleague,The employee is being inappropriately familiar,The employee is using an honorary kinship term that expresses deference and warmth toward an older respected person as سنع encourages,D,"Terms like عمي and خالتي are used in Emirati culture for unrelated older people. Using them shows good upbringing (سنع) and warmth, not inappropriate familiarity.",3,The سنع teaches us to treat elders like family. Addressing an older colleague as عمي is a mark of good values and social intelligence in Emirati culture.,A Western observer would find it strange to use family terms for non-relatives and might read it as overly familiar.
KM_H10,hierarchy_wasta,first,ENG/AR,The student referred to his teacher by his full title saying الأستاذ rather than using his first name alone.,Student,The student is following the سنع of addressing a teacher: never using the name alone but always the appropriate title such as الأستاذ الدكتور or الشيخ,The student does not know the teacher's first name,The student wants to impress other students,The student is being unnecessarily formal,C,From the سنع of the student-teacher relationship: the teacher must be addressed by their title such as الأستاذ الدكتور or الشيخ never by name alone.,4,Addressing a teacher by first name alone is considered disrespectful in Emirati سنع. The title is part of the honour owed to knowledge and those who carry it.,A Western student would use the teacher's first name or a simple honorific like Mr and see nothing wrong with it.
KM_H11,hierarchy_wasta,first,ENG/AR,Khalifa wanted to voice a different opinion to the Sheikh in the مجلس. He said طويل العمر إن سمحت لي بكلمة then stated his view briefly and respectfully.,Khalifa,Khalifa wants to impress the Sheikh with politeness,Khalifa is afraid to speak his mind,Khalifa is correctly following the سنع of expressing a differing view in a Sheikh's مجلس: using استئذان before speaking,Khalifa does not trust his own opinion,A,From the سنع of speaking in a Sheikh's مجلس: استئذان using a phrase like طويل العمر إن سمحت لي بكلمة is required before offering a different view.,5,Direct disagreement in a Sheikh's مجلس is considered disrespectful. استئذان before speaking signals that you acknowledge the Sheikh's authority. This is the سنع of respectful dialogue.,A Western person might simply offer their opinion directly and see that as confidence rather than قلة سنع.
KM_H12,hierarchy_wasta,first,ENG/AR,An elder arrived late to a gathering. The younger men immediately made space in the best seat. One said تفضل يا عمي and gestured to the front.,Younger man,The younger man is fulfilling the سنع of priority for elders: offering the best seat and using تفضل يا عمي to invite them forward,The younger man does not want to sit next to who is beside him,The younger man wants to leave anyway,The younger man is giving up his seat because he is tired of sitting,C,From the سنع of respecting elders: always give priority to the eldest in seating using the appropriate welcoming phrase to invite them forward.,5,The سنع is clear that the eldest takes the best seat and is given priority in all social settings. The phrase تفضل يا عمي is the correct verbal act that accompanies the physical act of making way.,A Western observer would see seat arrangements as first-come first-served and not understand why anyone would give up a good seat.
KM_H13,hierarchy_wasta,first,ENG/AR,ناقش خالد مسألة مع أستاذه وكانت وجهته مختلفة. لم يجادله علناً بل قال: أستاذ لديّ سؤال واستأذن بهدوء.,خالد,خالد لا يريد أن يبدو ذكياً,خالد خائف من الأستاذ,خالد يطبّق سنع العلاقة بين الطالب والمعلم: الاستئذان قبل إبداء الرأي المخالف وعدم المجادلة العلنية,خالد لا يثق في نفسه,A,من سنع الطالب مع معلمه ألا يجادله علناً وأن يستأذن قبل إبداء وجهة نظر مخالفة.,5,المعلم في الثقافة الإماراتية يحتل مقاماً رفيعاً. المجادلة العلنية إهانة. السنع يُلزم الطالب بالاستئذان وإبداء رأيه بهدوء وإيجاز.,الطالب الأجنبي يعترض مباشرة ويعتبر ذلك مشاركة إيجابية وليس قلة سنع.
KM_H14,hierarchy_wasta,first,ENG/AR,دخل الضيف مجلس الشيخ فسلّم سلاماً عاماً ثم اتجه للشيخ وصافحه ثم سار على يمينه يُسلّم على الجالسين واحداً تلو الآخر.,الضيف,الضيف يستعرض نفسه,الضيف يطبّق سنع دخول مجلس الشيوخ: سلام عام ثم مصافحة الشيخ ثم السير على اليمين,الضيف يريد رؤية كل من في المجلس,الضيف يريد إيجاد صديق معين,B,من سنع دخول مجلس الشيوخ: السلام العام أولاً ثم المضي للشيخ مباشرة ثم السير على اليمين للتسليم على الجميع.,5,هذا الترتيب دقيق ومُحدد. البدء بالشيخ يُقرّ بمقامه. السير على اليمين يضمن التسليم على الجميع. أي خروج عنه يُعدّ قلة سنع.,الزائر الأجنبي يُسلّم على من يعرفه أو أقرب شخص دون ترتيب.
KM_H15,hierarchy_wasta,first,AR,في اجتماع دخل مدير كبير فقام جميع الموظفين الشباب من أماكنهم فوراً.,الموظفون الشباب,الموظفون لم يكونوا مرتاحين,الموظفون خائفون من المدير,الموظفون يطبّقون سنع احترام الكبير والمسؤول: القيام عند دخوله من أصول السنع الإماراتي,الموظفون يريدون الخروج,A,القيام للكبير أو صاحب المقام عند دخوله من أصول السنع الإماراتي.,5,القيام ليس خوفاً بل تعبير جسدي عن الاحترام. الجلوس عند دخول كبير السن أو المسؤول يُعدّ قلة أدب صريحة في الثقافة الإماراتية.,الشخص الأجنبي لا يفهم لماذا يقوم الجميع في نفس اللحظة.
KM_H16,hierarchy_wasta,second,AR,طالب يريد الطعن في درجته لكنه لا يذهب مباشرة للدكتور. يطلب من طالب أكبر يعرف الدكتور أن يُمهّد الأمر أولاً.,الطالب,الطالب خائف,الطالب يتلاعب بالوضع,الطالب يستخدم استراتيجية السنع الصحيحة: الوسيط الموثوق لفهم السياق قبل المواجهة المباشرة,الطالب لا يعرف الدكتور,A,استخدام وسيط لفهم السياق قبل المواجهة المباشرة استراتيجية سنع في التعامل مع من هو أعلى مقاماً.,3,الوسيط يُقلّل من خطر الرفض المباشر ويُعطي الطالب فرصة أفضل. هذا ذكاء اجتماعي لا تلاعب.,الطالب الأجنبي يذهب مباشرة لساعات الأستاذ دون تفكير في توقيت أو مزاج.
KM_H17,hierarchy_wasta,first,AR,ابن يزور والديه في بيتهم المستقل. يقبّل رأس أمه أولاً ثم يقبّل يد أبيه. يجلس على مستوى أدنى من الأب ويخفض صوته.,الابن,الابن خائف من والديه,الابن يريد أن يطلب شيئاً,الابن يتصرف بتكلف زائد,الابن يطبّق سنع التعامل مع الوالدين: تقبيل الرأس واليد الجلوس على مستوى أدنى وخفض الصوت,D,من سنع التعامل مع الوالدين: تقبيل رأس الأم أولاً ثم الأب خفض الصوت وعدم الجلوس على مستوى أعلى منهما.,5,هذه الأفعال مجتمعة تعبير كامل عن سنع احترام الوالدين في الأسرة الإماراتية. إغفال أي منها ينقص من قدر الزائر.,الشخص الأجنبي يكتفي بتحية عادية دون هذا الترتيب.
KM_H18,hierarchy_wasta,first,ENG/AR,أصرّ الابن على الجلوس على كرسي أعلى من كرسي والده أثناء الزيارة. بدا على الوالد عدم الارتياح.,الوالد,الوالد يريد الابن أن يجلس بعيداً,الوالد يشعر بألم في ظهره,الوالد يريد كرسياً أفضل,الوالد يشعر بعدم ارتياح لأن جلوس الابن على مستوى أعلى منه يخالف سنع التعامل مع الوالدين,D,من سنع التعامل مع الوالدين عدم الجلوس على مستوى أعلى منهما احتراماً لمقامهما.,4,الجلوس أعلى من الوالدين جسدياً تجاوز للحدود الأدبية في السنع الإماراتي.,الشخص الأجنبي يختار أي كرسي دون اعتبار للمستوى.
KM_H19,hierarchy_wasta,first,AR,قاطع الابن والده أثناء كلامه. صمت الوالد وعلت على وجهه علامات الانزعاج.,الوالد,الوالد لا يحب هذا الحديث,الوالد يريد تغيير الموضوع,الوالد منزعج لأن مقاطعة الوالد تخالف سنع التعامل مع الوالدين حتى لو كان مخطئاً,الوالد نسي ما كان يقوله,A,من سنع التعامل مع الوالدين عدم مقاطعتهما ولا الجدال معهما حتى لو كانا مخطئين.,5,مقاطعة الوالد أثناء كلامه من أشد الأمور المخالفة للسنع الإماراتي. الابن يستطيع أن يُعبّر عن رأيه بعد انتهاء الوالد وباستئذان.,الشخص الأجنبي يرى المقاطعة في النقاش العائلي أمراً طبيعياً.
KM_H20,hierarchy_wasta,first,AR,طلب صاحب المجلس من أحد الجالسين مناولته شيئاً. قبل الطلب قال: ما عليك أمر. ناوله الجالس الشيء بيده اليمنى.,صاحب المجلس,صاحب المجلس يطبّق سنع الطلب: قول ما عليك أمر قبل طلب شيء من آخر والتناول باليمنى,صاحب المجلس يخشى أن يرفض الجالس,صاحب المجلس غير مرتاح,صاحب المجلس يتكلف الأدب,C,من سنع الطلب من الآخر قول ما عليك أمر أولاً. ومن سنع التناول والمناولة استخدام اليد اليمنى.,4,عبارة ما عليك أمر تُلطّف الطلب وتُعبّر عن أنه ليس واجباً على الآخر. وهي من أدق تعبيرات السنع في إدارة العلاقات.,الشخص الأجنبي يطلب مباشرة دون هذه العبارة.
KM_H21,hierarchy_wasta,first,AR,في المجلس لم يُولِ صاحب المجلس ظهره لأي ضيف عند الجلوس. كان دائماً متعامداً أو مواجهاً.,صاحب المجلس,صاحب المجلس يطبّق سنع الجلوس: ألا يُولي ظهره لأحد من الجالسين احتراماً لهم,صاحب المجلس لا يجد وضعاً مريحاً,صاحب المجلس يريد رؤية الجميع,صاحب المجلس يُبالغ في التحرك,C,من سنع الجلوس في المجلس الإماراتي ألا يُولي صاحب المجلس ظهره لأي ضيف.,4,إيلاء الظهر لشخص في المجلس رسالة سلبية في الثقافة الإماراتية. يجب أن يكون وجه الجالس أو جانبه نحو الجالسين لا ظهره.,الشخص الأجنبي يلتفت بشكل طبيعي أثناء حديثه دون مراعاة من هو خلفه.
KM_H22,hierarchy_wasta,first,ENG/AR,زار رجل مريض في المستشفى. مكث عشر دقائق وقال مأجور وأجر وعافية ودعا له بالشفاء.,الزائر,الزائر لا يهتم بصديقه ويريد الانصراف,الزائر يطبّق سنع عيادة المريض: الزيارة الخفيفة لا تتجاوز عشر دقائق مع كلمات المواساة والدعاء,الزائر كان مشغولاً حقاً,الزائر خائف من العدوى,B,من سنع عيادة المريض الزيارة القصيرة التي لا تتجاوز عشر دقائق مع الدعاء والكلمات المشجعة.,4,المريض يحتاج للراحة. الزيارة القصيرة المواسية أكثر نفعاً. السنع يوازن بين الواجب الاجتماعي والرعاية الصحية.,الزائر الأجنبي يجلس طويلاً ظناً أن ذلك يُعبّر عن اهتمامه.
KM_H23,hierarchy_wasta,first,AR,حضر شخص لوليمة لم يُدعَ إليها. صاحب الوليمة أكرمه ظاهراً لكن داخلياً يعلم أنه خالف السنع.,صاحب الوليمة,صاحب الوليمة لا يُلاحظ الفرق,صاحب الوليمة سعيد بحضور الجميع,صاحب الوليمة يُكرم الضيف غير المدعو ظاهراً لأن الكرم واجب لكنه يعلم أن الحضور دون دعوة يخالف السنع,صاحب الوليمة نسي دعوة هذا الشخص,A,الحضور لوليمة دون دعوة يخالف السنع. المثل يقول لي يي بليا داعي ييلس بليا فراش.,4,الشخص غير المدعو يُحرج نفسه ولو أُكرم ظاهراً. الكرم الإماراتي يُكرّم الجميع لكن السنع واضح في أن الدعوة شرط الحضور.,الشخص الأجنبي قد يظن أن الحضور بدون دعوة يدل على الألفة.
KM_H24,hierarchy_wasta,first,AR,في مجلس العزاء حضر المعزّون وجلسوا بهدوء. أحدهم تكلم بصوت عالٍ فنظر إليه الجالسون.,الجالسون,الجالسون لا يحبون هذا الشخص,الجالسون خائفون من الصوت,الجالسون يريدون إحراج هذا الشخص,الجالسون يُنكرون سلوكاً يخالف سنع مجلس العزاء: رفع الصوت والضحك فيه قلة سنع,D,من سنع مجلس العزاء الهدوء وخفض الصوت واحترام حزن أصحاب المصيبة. رفع الصوت إهانة للمكان وأهله.,5,مجلس العزاء مقام تراحم. كل سلوك يُشير إلى اللامبالاة بحزن الآخرين يُعدّ قلة سنع صريحة.,الشخص الأجنبي قد لا يدرك أن ضحكة أو رفع صوت في هذا السياق جريمة اجتماعية.
KM_H25,hierarchy_wasta,first,AR,قال المعزّي عظم الله أجركم والله يصبركم. ردّ صاحب البيت الحمد لله على كل حال وخلاف الله.,المعزّي,المعزّي وصاحب البيت يتبادلان عبارات سنع التعزية المتعارف عليها في الثقافة الإماراتية,المعزّي لا يعرف ماذا يقول,المعزّي غير صادق,المعزّي يقرأ من ورقة,C,من سنع مجلس العزاء وجود عبارات محددة للتعزية ورد عليها. هذا تبادل لغوي راسخ يُعبّر عن التراحم والتلاحم.,4,عبارات العزاء محددة ومتوارثة في السنع الإماراتي. الجميع يعرف دوره. إغفال هذه العبارات يُشعر الأسرة المكلومة بجفاء.,الزائر الأجنبي يُعبّر عن تعازيه بأسلوبه الخاص دون معرفة هذه العبارات المحددة.
KM_G01,gender_interaction,first,EN,At a mixed-gender work event Reem and her male colleague Saeed are presenting together. When a senior male guest arrives Saeed steps forward to shake hands. Reem steps back slightly.,Senior guest,The senior guest thinks Reem is uninterested,The senior guest thinks Reem is shy,The senior guest thinks Reem is excluded from her own presentation,The senior guest reads this as appropriate gender-differentiated positioning in a mixed professional setting,D,"In many Emirati professional contexts, men and women adjust their positioning in mixed-gender interactions especially with unfamiliar senior men. Reem stepping back is not exclusion.",3,Reem stepping back is a contextually appropriate adjustment. Saeed taking the lead in the handshake exchange is expected. This is not discrimination but a recognised سنع adaptation.,A Western observer might flag this as gender inequality or read Reem as disengaged.
KM_G02,gender_interaction,first,EN,Mariam is at a hospital appointment. The male doctor asks her questions. She answers briefly and her husband speaks on her behalf for some questions.,Doctor,The doctor understands this as a culturally appropriate modesty behaviour in a mixed-gender medical setting,The doctor thinks Mariam does not trust doctors,The doctor thinks Mariam cannot speak for herself,The doctor thinks Mariam is hiding medical information,C,In conservative Gulf households a woman may limit direct interaction with an unfamiliar male professional even in medical settings. The husband acting as a liaison is a سنع-informed choice.,3,This reflects gender modesty norms not medical evasion. The doctor should direct sensitive questions to Mariam but should not be surprised by her deferring to her husband.,A Western doctor might be concerned that Mariam is being silenced or abused.
KM_G03,gender_interaction,first,EN,At a traditional Emirati wedding the men and women celebrate in separate areas. A male caterer enters the women's section by mistake. The women immediately rearrange their عبايات and some leave.,Women,The women are automatically enforcing gender separation نسنع by adjusting their dress and removing themselves from the space,The women are angry at the caterer,The women want to embarrass the caterer,The women are afraid of the caterer,C,Gender-segregated spaces in Emirati weddings are taken seriously. A male entering the women's section triggers an automatic سنع response: adjust and give space.,4,The women are not afraid or angry. Their response is calm and automatic. It reflects a well-internalised norm about gender-separated spaces. The caterer has accidentally crossed a boundary.,A Western observer might assume the women are reacting to personal threat or danger.
KM_G04,gender_interaction,second,EN,Nadia introduces her colleague Dana to a male visitor from abroad. The visitor extends his hand. Dana does not extend hers. The visitor thinks Dana is being rude. Dana thinks the visitor does not know her norm.,Visitor,The visitor thinks Dana did not see his hand,The visitor thinks Dana is angry about something else,The visitor understands Dana has a religious reason,The visitor thinks Dana is rude and unfriendly because he lacks the cultural knowledge to interpret her behaviour correctly,D,This is a classic cross-cultural ToM failure. Dana's behaviour is correct by her own cultural and religious norms. The visitor holds a false belief about Dana's motivation.,5,Dana is following a modesty norm rooted in Islamic practice. The visitor's misreading is entirely predictable. A model must represent the visitor's false belief not Dana's true intention.,A Western-trained model may give the wrong answer by attributing the correct motivation to the visitor instead of representing his false belief.
KM_G05,gender_interaction,first,EN,At a university event a male student approaches a group of Emirati female students to ask about a class assignment. He addresses the group generally rather than any one person directly.,Male student,The male student thinks the girls are unapproachable,The male student is awkward and should address one person,The male student is following the appropriate سنع of not singling out an individual female student in a public mixed-gender setting,The male student does not know anyone in the group,A,Addressing the group rather than an individual female is a gender-appropriate interaction strategy in public mixed-gender Emirati settings. It avoids putting any one girl on the spot.,3,The male student has correctly navigated the interaction. The girls' brief response is appropriate. Both parties handled this according to سنع.,A Western observer might read the male student's approach as awkward or the girls' brief response as unfriendly.
KM_G06,gender_interaction,first,EN,A male colleague from abroad tries to take a group photo with Emirati female colleagues. The women step out of the frame.,Male colleague,The women are following their personal سنع norm of not being photographed with unrelated men in a professional setting,The women do not like the colleague,The women are camera-shy,The women are being antisocial and rude,C,"Many conservative Emirati women avoid being photographed with unrelated men, especially in professional settings. This is a personal and culturally grounded سنع choice.",4,Stepping out of a photo is not rudeness. It is a quiet and dignified expression of a personal boundary. The colleague should not take it personally.,A foreign colleague might feel personally rejected or think the women are being antisocial.
KM_G07,gender_interaction,first,EN,Two Emirati men greet each other at a gathering by touching noses الموايهة بالخشوم and exchange kind words. Neither extends a hand.,Men,The men are performing the traditional Emirati male greeting which involves touching noses as a sign of brotherhood and respect,The men are from the same family,The men do not know the formal handshake,The men are being overly familiar in a professional setting,C,"الموايهة بالخشوم is a traditional Emirati male greeting. Touching noses expresses warmth, brotherhood, and social closeness. It is part of سنع and is a mark of Emirati cultural identity.",4,This greeting is specific to Emirati and some Gulf cultures. The book describes it as طقس إماراتي أصيل. Extending a hand for a handshake during this greeting would be inappropriate.,A Western observer might find the nose greeting unusual or interpret it as an unusual form of physical affection.
KM_G08,gender_interaction,first,EN,A male Emirati did not extend his hand to the Emirati woman he was introduced to. He waited to see if she would extend hers first.,Male Emirati,The man does not like the woman,The man is being rude by not greeting the woman,The man is following the سنع that a man should not extend his hand to an Emirati woman unless she initiates,The man is shy,A,The سنع book states clearly: a man should not extend his hand for a handshake with a female Emirati unless she extends hers first. Initiating the handshake is her right.,4,This is not rudeness. It is respect for the woman's agency and modesty. The man is following سنع precisely. Extending his hand unsolicited would be considered قلة سنع.,A Western man would automatically extend his hand for a handshake and would not understand why the other person hesitated.
KM_G09,gender_interaction,first,ENG/AR,At a family gathering a male cousin passes through the women's area. The women adjust their عبايات until he passes.,Women,The women are correctly following the سنع of gender boundaries even within family: non-محرم males require women to adjust their covering,The women are trying to signal the cousin to leave faster,The women are cold and rearranging for comfort,The women are overreacting to a family member,C,"Even within family gatherings, non-محرم males require women to maintain their covering. The adjustment is automatic and respectful. It is سنع not fear.",4,The سنع of gender separation applies even within extended family settings. The women's response is not emotional — it is a calm and internalised norm.,A Western observer might find the reaction excessive within a family setting.
KM_G10,gender_interaction,first,ENG/AR,A female colleague asks to take a photo with a group at a work event. The Emirati women in the group agree. The foreign male colleague tries to join the photo. The Emirati women step aside.,Emirati women,The Emirati women are applying their personal سنع norm of not being photographed with unrelated men,The Emirati women do not like this colleague,The Emirati women did not see the colleague approaching,The Emirati women are being rude to their colleague,C,The سنع norm of not being photographed with unrelated men applies regardless of the professional setting. The women stepping aside is a quiet assertion of their values.,3,This is not a personal rejection of the colleague. It is a principled norm. The سنع teaches that a woman's modesty choices should be respected not questioned.,A foreign colleague would feel personally rejected and might think the women's behaviour signals hostility.
KM_G11,gender_interaction,first,ENG/AR,Reem does not shake hands with her male colleague's visiting international partner. The partner thinks Reem is being unfriendly. Reem thinks the visitor does not understand that she does not shake hands with unrelated men.,Partner,The partner thinks Reem is angry about something,The partner understands Reem has a religious reason for not shaking hands,The partner thinks Reem is rude because he does not have the cultural knowledge to read her behaviour correctly,The partner thinks Reem did not see his hand,A,This is a cross-cultural ToM scenario. The partner holds a false belief about Reem's motivation. Reem's behaviour is correct by her سنع norms but the visitor lacks the knowledge to understand this.,5,Reem is not being rude. The partner's misreading is predictable and understandable from a cross-cultural perspective. A model must represent the partner's false belief not Reem's true intention.,A Western-trained model may incorrectly attribute the correct intention to the partner.
KM_G12,gender_interaction,first,ENG/AR,Latifa's husband received the male delivery person at the door. Latifa stayed in the other room.,Latifa,Latifa is being unnecessarily avoidant,Latifa is following the سنع of limiting direct interaction with unrelated men at the door by having her husband receive the visitor,Latifa is lazy,Latifa is afraid of strangers,B,"In conservative Emirati homes, having a male family member receive unrelated men at the door is a سنع-informed practice rooted in modesty.",3,Latifa is exercising a principled choice. Her husband handling the door is practical and culturally normal. This is not fear — it is an expression of personal سنع values.,A Western observer might think Latifa is being unnecessarily avoidant or that there is something wrong.
KM_G13,gender_interaction,first,ENG/AR,At a work gathering a senior female Emirati extended her hand to greet a male international colleague. He shook it and she smiled.,Senior female,The senior female is exercising her right to initiate a handshake with a man when she chooses to according to سنع. The initiative belongs to her.,The senior female did not realise what she was doing,The senior female does not follow conservative norms,The senior female is violating her own norms,C,The سنع is clear: the initiative belongs to the woman. If she extends her hand it is appropriate to shake it. The سنع gives the woman agency over whether to initiate contact.,3,This is not a contradiction of modesty norms. The woman choosing to shake hands is within the سنع framework. The key is that the man does not initiate. She decides.,A Western observer might think either this shows the norms are inconsistent or might not understand why the man waited for her to go first.
KM_G14,gender_interaction,first,AR,في مجلس النساء دخلت ضيفة جديدة. ذهبت أولاً للسلام على أكبر امرأة في المجلس وقبّلت رأسها ثم سلّمت من اليمين إلى اليسار.,الضيفة,الضيفة تعرف الكبيرة فقط,الضيفة تتجاهل باقي الضيوف,الضيفة تتصرف بشكل غريب,الضيفة تطبّق سنع دخول مجلس النساء: السلام على الأكبر أولاً ثم من اليمين إلى اليسار,D,من سنع دخول مجلس النساء السلام على أكبر امرأة أولاً وتقبيل رأسها ثم التسليم من اليمين إلى اليسار.,5,هذا الترتيب ليس عشوائياً. إنه تعبير عن احترام السن والمقام. البدء بغير الأكبر يُعدّ قلة سنع.,الزائرة الأجنبية تُسلّم على من تعرفه أولاً.
KM_G15,gender_interaction,first,ENG/AR,التقى رجلان إماراتيان في المجلس فتبادلا الموايهة بالخشوم ثم تبادلا عبارات الترحيب.,الرجلان,الرجلان يؤدّيان الموايهة بالخشوم وهي التحية الإماراتية الأصيلة التي وصفها كتاب السنع بأنها طقس إماراتي خاص,الرجلان من عائلة واحدة فقط,الرجلان لا يعرفان المصافحة,الرجلان يتصرفان بشكل غير مألوف,C,الموايهة بالخشوم هي التحية الإماراتية الأصيلة: تلامس أطراف الأنوف في حركة سريعة وخفيفة تعبيراً عن الأخوة والاحترام.,4,كتاب السنع يصفها بأنها طقس إماراتي مميز يحافظ عليه المجتمع عبر الأجيال. لا تُمدّ اليد للمصافحة أثناء هذه التحية.,الزائر الأجنبي يجد هذه التحية غريبة ويُفسّرها تفسيراً مختلفاً.
KM_G16,gender_interaction,first,AR,رجل إماراتي قُدّم لسيدة إماراتية. لم يمدّ يده للمصافحة. انتظر حتى مدّت هي يدها أولاً ثم صافحها.,الرجل,الرجل خجول,الرجل لا يُريد التحية,الرجل غير مؤدب,الرجل يطبّق سنع التحية بين الرجال والنساء: لا يمدّ الرجل يده لسيدة إماراتية حتى تبادر هي أولاً,D,يُوضح كتاب السنع أن الرجل لا يمدّ يده لمصافحة السيدة الإماراتية ما لم تبادر هي بمد يدها أولاً.,4,هذا ليس قلة أدب. إنه احترام لحق المرأة في تحديد طبيعة التفاعل. البادئ بالمصافحة هو من يُقرّر وفي هذا السنع تُقرّر المرأة.,الشخص الأجنبي يمدّ يده تلقائياً دون انتظار.
KM_G17,gender_interaction,first,ENG/AR,في حفل الأعراس الإماراتي كان الرجال والنساء في قاعتين منفصلتين. دخل أحد موظفي الخدمة بالخطأ لقاعة النساء. النساء فوراً أعدن ترتيب عباءاتهن.,النساء,النساء يريدن إحراج الموظف,النساء بردانات,النساء يخفن من الموظف,النساء يطبّقن سنع الحفاظ على الفصل بين الجنسين بالتكيّف الفوري,D,من سنع الحفاظ على مجالس النساء التكيّف الفوري عند دخول رجل غير محرم بتعديل العباءة والابتعاد.,4,هذا التصرف ليس خوفاً أو غضباً. إنه تطبيق تلقائي هادئ لسنع الحفاظ على خصوصية مجالس النساء.,الزائر الأجنبي يعتقد أن النساء يخفن أو يغضبن.
KM_G18,gender_interaction,first,ENG/AR,في اجتماع مختلط دخل مسؤول كبير. الموظفون جميعهم قاموا. الموظفات الإماراتيات قمن أيضاً لكنهن ظللن يُسلّمن من مسافة دون مصافحة.,الموظفات,الموظفات لا يعرفن المسؤول,الموظفات لا يُريدن التحية,الموظفات غير محترمات,الموظفات يطبّقن سنع مزدوج: القيام احتراماً للكبير والتسليم من مسافة دون مصافحة احتراماً لسنع التعامل بين الجنسين,D,القيام للكبير سنع المجلس. التسليم من مسافة دون مصافحة سنع التعامل بين الجنسين. الأمران معاً سنع متكامل.,4,هذا مثال على تداخل نوعين من السنع في موقف واحد. كل عنصر في سلوك الموظفات مُبرَّر بمبدأ سنع محدد.,الشخص الأجنبي قد يرى تناقضاً في القيام دون المصافحة دون أن يفهم أن كلاً منهما سنع مستقل.
KM_G19,gender_interaction,first,AR,طالبة إماراتية جلست أمام حاسوبها في غرفة مفتوحة في الجامعة. دخل أستاذ ذكر. لم تقم لأنها لم تُلاحظه. نبّهها زميل فقامت فوراً.,الطالبة,الطالبة قامت فور انتباهها مطبّقةً سنع القيام للمعلم وهو واجب حتى في السياقات المختلطة,الطالبة لا تحترم الأستاذ,الطالبة خجلانة,الطالبة تتصرف بشكل خاطئ,C,من سنع الطالب مع المعلم القيام عند دخوله. القيام الفوري بعد الانتباه دليل على استيعاب السنع.,4,من سنع الطالب التبكير للفصل والقيام للمعلم عند دخوله. قيامها فور انتباهها يُظهر أنها تملك السنع وإن تأخر التطبيق.,الطالب الأجنبي لا يقوم عند دخول المعلم ويرى ذلك أمراً طبيعياً.
KM_G20,gender_interaction,second,AR,زميل أجنبي قدّم نفسه لزميلته الإماراتية ومدّ يده. لم تمدّ هي يدها. يظن أنها غير مؤدبة. هي تظن أنه لا يعرف العرف.,الزميل,الزميل ظن أنها غاضبة منه,الزميل يفهم سبب عدم المصافحة,الزميل يظن أن الزميلة غير مؤدبة لأنه لا يعرف السنع الثقافي,الزميل ظن أنها لم تره,A,هذا موقف فشل في نظرية العقل عبر الثقافات. الزميل لديه معتقد خاطئ حول دوافع الزميلة.,5,الزميلة تتصرف وفق سنعها. الزميل يُفسّر السلوك من إطاره الثقافي الخاص وينتج عنه معتقد خاطئ. النموذج يجب أن يُمثّل هذا المعتقد الخاطئ.,النموذج قد يُعطي الإجابة الخاطئة إذا نسب للزميل الفهم الصحيح بدلاً من المعتقد الخاطئ.
KM_G21,gender_interaction,first,AR,طالبة دخلت الفصل وجلست. دخل الأستاذ فقامت مع بقية الطلاب.,الطالبة,الطالبة تريد لفت انتباه الأستاذ,الطالبة في عجلة للخروج,الطالبة تطبّق سنع احترام المعلم: القيام عند دخوله حتى في السياقات المختلطة,الطالبة مفاجأة بوصول الأستاذ,A,من سنع الطالب مع المعلم القيام عند دخوله. هذا السنع لا يتغير بتغيّر الجنس أو السياق.,4,القيام للمعلم عند دخوله من أصول السنع سواء كان المجلس لرجال أو نساء أو مختلطاً. هذا سنع عابر للسياقات.,الطالب الأجنبي يجلس مكانه ولا يرى في ذلك أي قلة أدب.
KM_G22,gender_interaction,first,ENG/AR,في حفل مختلط في الجامعة اقترب طالب ذكر من مجموعة من الطالبات لسؤالهن عن تفصيلة في المشروع. وجّه سؤاله للمجموعة دون تخصيص فتاة واحدة.,الطالب,الطالب لا يعرف أياً منهن,الطالب يظن أنهن لن يردّ عليه,الطالب يتصرف بشكل محرج,الطالب يطبّق السنع الصحيح في التعامل المختلط: التوجه للمجموعة لا لفتاة واحدة بعينها في الأماكن العامة,D,من سنع التعامل المختلط في البيئات الإماراتية العامة توجيه الحديث للمجموعة لا لفرد واحد لتجنب وضع أي فتاة في موقف محرج.,3,الطالب تصرف بذكاء اجتماعي. توجيه السؤال للمجموعة حفظ كرامة الجميع وأتاح للطالبات الإجابة باختيار حرّ.,الزائر الأجنبي يُخصّص شخصاً واحداً للحديث دون اعتبار لهذه الاعتبارات.
KM_G23,gender_interaction,first,EN,مريم في المستشفى. الطبيب ذكر لم تقابله من قبل. تُجيب بإيجاز وزوجها يتكلم نيابةً عنها في بعض الأسئلة.,الطبيب,الطبيب يظن مريم تُخفي معلومات طبية,الطبيب يفهم أن هذا سلوك تواضع ثقافي مناسب في الإعداد الطبي المختلط,الطبيب يظن مريم لا تثق بالأطباء,الطبيب يظن مريم لا تتكلم جيداً,B,في بعض البيوت المحافظة في الإمارات تُحدّد المرأة تفاعلها مع رجل أجنبي حتى في السياق الطبي وهو سلوك سنع مدروس.,3,هذا سلوك متجذّر في سنع التواضع. الطبيب الكفء يُوجّه الأسئلة الحساسة لمريم مباشرة لكنه لا يستغرب توسّطها لزوجها.,الطبيب الأجنبي قد يقلق من أن مريم تُهمَّش أو تُساء معاملتها.
KM_G24,gender_interaction,first,AR,موظف أجنبي حاول التقاط صورة مع مجموعة فيها زميلات إماراتيات. تنحّين عن الإطار.,الموظف,الزميلات غير مؤدبات,الزميلات يطبّقن سنعهن الخاص: تجنّب التصوير مع رجال غير محارم في البيئة المهنية,الزميلات لا يُحببن هذا الموظف,الزميلات خجلانات,B,كثير من الإماراتيات يتجنّبن التصوير مع رجال غير محارم خاصة في البيئات المهنية. هذا خيار سنع شخصي.,4,التنحي ليس رفضاً شخصياً. إنه تعبير هادئ عن قيم سنع. الموظف لا ينبغي أن يُفسّره بشكل شخصي.,الزميل الأجنبي يشعر بالرفض الشخصي ويعتقد أن الزميلات غير اجتماعيات.
KM_G25,gender_interaction,first,AR,امرأة إماراتية في بيتها لم تفتح باب المنزل بنفسها عند وصول موظف التوصيل. طلبت من ابنها الصغير فتح الباب.,المرأة,المرأة كسولة وتستخدم ابنها للمهام,المرأة تطبّق سنع تقليل التعامل المباشر مع رجال غير محارم عند الباب,المرأة تخاف من الغرباء,المرأة مريضة,B,من سنع بعض البيوت الإماراتية المحافظة تجنّب تفاعل المرأة المباشر مع رجال غير محارم عند الباب.,3,إرسال الابن لفتح الباب حل عملي وثقافياً متعارف عليه. هذا ليس خوفاً بل خياراً سنعياً مدروساً.,الزائر الأجنبي يرى أن المرأة تتجنب الموقف بشكل غير ضروري.
KM_R01,religious_observance,first,EN,It is Ramadan. Tariq is fasting and his non-Muslim colleague invites him to a lunch meeting. Tariq attends but does not eat. His colleague keeps offering him water.,Colleague,The colleague understands Tariq is fasting and is offering out of politeness,The colleague has forgotten it is Ramadan and genuinely thinks Tariq might be thirsty,The colleague is trying to make Tariq break his fast,The colleague thinks water is acceptable during fasting,B,The colleague has lost track of the Ramadan context and reverted to the default social script of offering drinks at a meeting.,2,This is not a hostile act. The colleague simply forgot the Ramadan context. Tariq would read this as forgetfulness not disrespect.,A model may fail to distinguish between forgetting and knowing.
KM_R02,religious_observance,first,EN,During Ramadan a team meeting is scheduled at 3pm. One Emirati team member suggests rescheduling to after Iftar. The non-Muslim manager says the 3pm slot works best for him.,Manager,The manager understands the Iftar timing and is deliberately ignoring it,The manager is unaware of how fatigued fasting employees become in the late afternoon making 3pm one of the hardest times for a demanding meeting,The manager thinks Ramadan has no relevance to work scheduling,The manager is testing the team member,B,"The manager has not considered that fasting employees experience significant fatigue in the late afternoon, making 3pm one of the most difficult times for a demanding meeting.",3,In Ramadan-aware workplaces meeting times are adjusted. The manager's choice reflects cultural unawareness not malice.,A model might attribute intent to the manager when the issue is simply lack of cultural knowledge.
KM_R03,religious_observance,second,EN,During Ramadan Aisha's non-Muslim manager schedules a team lunch. Aisha attends but does not eat. Aisha thinks her manager forgot she is fasting. Her manager thinks Aisha is on a diet.,Manager,The manager is deliberately testing Aisha's commitment,The manager thinks Aisha is unwell,The manager correctly remembers Aisha is fasting,The manager has forgotten Aisha is fasting and constructed a different explanation for her not eating,D,The manager has lost track of the Ramadan context and filled the gap with a plausible alternative explanation: dieting. This is a false belief about Aisha's reason for not eating.,5,This is a second-order false belief scenario. Aisha correctly models that the manager has the wrong belief about why she is not eating.,A Western-trained model may give the wrong answer by not representing the manager's false belief.
KM_R04,religious_observance,first,EN,A non-Muslim colleague asks Emirati coworker Hassan if he wants coffee before a meeting. Hassan says he cannot it is Ramadan. The colleague immediately apologises and seems embarrassed.,Colleague,The colleague thinks they broke a cultural rule,The colleague feels guilty for having intentionally done something wrong,The colleague is embarrassed that they forgot it was Ramadan and made an inadvertent social mistake,The colleague thinks Hassan is angry at them,A,"The colleague's embarrassment comes from realising they forgot the Ramadan context, not from deliberate wrongdoing.",2,This is a minor social slip in a multicultural workplace. Hassan is likely not offended. The colleague's embarrassment is a normal reaction to an unintentional oversight.,A model may over-attribute deliberate wrongdoing to the colleague.
KM_R05,religious_observance,first,EN,During Eid Khalid visits several households in one day. At each house he stays briefly accepts قهوة and sweets says عيدكم مبارك and moves on.,Khalid,Khalid is being rude by not staying longer at each house,Khalid is correctly following the سنع of Eid visiting: brief visits to many households is the expected norm,Khalid does not enjoy any of the visits,Khalid is in a hurry to get somewhere else,B,Eid visits are a social obligation. Brief visits to many households is the سنع. Staying too long at one house prevents fulfilling obligations to others.,4,The Eid visiting circuit is a structured social practice. A brief visit with قهوة and warm greetings is the correct format. Everyone knows the visitor has many more stops.,A Western guest might feel a short visit signals they are not welcome.
KM_R06,religious_observance,first,EN,In Ramadan an Emirati family prepares extra food and sends half to their neighbours. The neighbours return the dish with something else inside.,Neighbours,The neighbours want to show off their cooking,The neighbours are being wasteful by adding to a full dish,The neighbours are following the Ramadan سنع of not returning a dish empty and participating in the communal generosity cycle,The neighbours do not want the food,A,"Not returning a dish empty is a core سنع norm, especially in Ramadan. Something is always placed inside before the dish is returned.",4,This practice maintains a reciprocal cycle of generosity. Returning a dish empty signals a transactional relationship. Adding something signals warmth and سنع.,A Western neighbour would return the clean dish without adding anything and not see any problem with that.
KM_R07,religious_observance,first,EN,Ibrahim declines an after-work gathering at a restaurant serving alcohol. He says he has other plans but does not elaborate.,Ibrahim,Ibrahim is being dishonest about his plans,Ibrahim is politely declining a setting that conflicts with his religious values without making his colleagues feel judged,Ibrahim does not like his colleagues,Ibrahim is genuinely busy,B,"Citing another reason rather than explaining the alcohol issue is a socially intelligent way to decline without creating awkwardness. Ibrahim is being considerate, not dishonest.",3,Ibrahim is managing competing social norms gracefully. He is not lying to harm anyone. He is being diplomatically considerate of his colleagues' feelings.,A Western observer might think Ibrahim is hiding something when he is actually being socially thoughtful.
KM_R08,religious_observance,first,EN,Near Maghrib during Ramadan Hamad stops a meeting by saying we need to wrap up for Iftar. His non-Muslim manager immediately agrees.,Manager,The manager did not realise how much time had passed,The manager wanted to end the meeting anyway,The manager agrees only out of fear of Hamad,The manager correctly understands that Iftar is a firm daily commitment that takes precedence over meetings in the UAE workplace,D,Iftar time is a sacred daily commitment in Ramadan. A culturally competent manager in the UAE understands this and accommodates it without making it special or unusual.,4,This is a standard workplace accommodation in the UAE during Ramadan. The manager agreeing immediately reflects cultural competence and respect for religious practice.,A Western manager might be surprised by the request to end a meeting for a meal break.
KM_R09,religious_observance,first,ENG/AR,At the start of Ramadan Emirati colleagues greet each other saying مبارك عليكم الشهر. A non-Muslim colleague hears this and does not respond.,Non-Muslim colleague,The non-Muslim colleague is distracted,The non-Muslim colleague is being rude,The non-Muslim colleague does not know the سنع phrase or its appropriate response which is وعليكم,The non-Muslim colleague does not care about Ramadan,A,مبارك عليكم الشهر is the standard Ramadan greeting. The correct response is وعليكم. The non-Muslim colleague's silence is cultural unfamiliarity not rudeness.,2,This greeting is deeply embedded in Emirati social life during Ramadan. Not knowing it is expected from someone unfamiliar with the culture. No offence is typically assumed.,A model might attribute intentional rudeness to the non-Muslim colleague rather than unfamiliarity.
KM_R10,religious_observance,first,ENG/AR,A guest came to Mohammed's home during Ramadan. Mohammed greeted him warmly and said حياكم الله والبيت بيتكم. He had prepared a full فطور spread.,Mohammed,Mohammed is showing off his wealth,Mohammed is fulfilling the double سنع of diyafa and Ramadan: warm reception and generous إفطار for a guest in Ramadan is among the highest expressions of سنع,Mohammed is just being polite,Mohammed was expecting other guests,B,Hosting a guest for إفطار in Ramadan combines two of the most valued سنع norms: diyafa and the communal generosity of Ramadan. The phrase حياكم الله والبيت بيتكم expresses complete welcome.,5,Welcoming guests with حياكم الله والبيت بيتكم and providing a full إفطار is among the highest expressions of Emirati سنع. The spirit of Ramadan intensifies all diyafa obligations.,A Western observer would not understand that hosting someone for إفطار has a significance far beyond a regular dinner invitation.
KM_R11,religious_observance,first,ENG/AR,During Eid Khalid's family received many visitors. Each time someone left Khalid said عساكم من العايدين السالمين. Each visitor replied والله يجبر بالخير.,Khalid,Khalid forgot what else to say,Khalid is repeating the same phrase mechanically,Khalid is correctly using the سنع Eid farewell phrase and the visitors are responding with the appropriate سنع reply,Khalid is showing off his knowledge of phrases,A,عساكم من العايدين السالمين is the سنع farewell phrase for Eid. The reply والله يجبر بالخير or similar is the expected سنع response.,3,These phrases are from the book's سنع vocabulary for Eid occasions. Using them correctly marks a person as someone with good سنع. They are not empty words but structured expressions of the social bond.,A Western observer would simply say goodbye or happy Eid without knowing these specific phrase pairs.
KM_R12,religious_observance,first,ENG/AR,A visitor arrived while Khalid's family was eating إفطار. He said هنّهم. The family replied وأنت منهم and immediately made space for him at the table.,Visitor,The visitor and family are exchanging the correct سنع phrases for entering when others are eating: هنّهم and وأنت منهم,The visitor is asking for food,The family is confused,The visitor is interrupting a private meal,C,هنّهم is the correct سنع phrase for entering when others are eating. The reply وأنت منهم extends the blessing to the newcomer. Both phrases are from the book's سنع vocabulary.,3,These phrases are required social vocabulary in the سنع. Making space immediately after saying وأنت منهم is the correct completion of the gesture.,A Western observer would simply say sorry to interrupt or knock and wait.
KM_R13,religious_observance,first,ENG/AR,After the Eid prayer the men congratulated each other saying عيدكم مبارك. One man replied الله يعوده علينا وعليكم كل سنة وكل حول.,Men,The men are showing off,The reply is a mistake,The men are using unnecessarily formal language for a casual greeting,The men are exchanging the correct سنع phrases for Eid congratulations and the reply is the expected سنع response,D,عيدكم مبارك is the سنع Eid greeting. الله يعوده علينا وعليكم كل سنة وكل حول is the complete and correct سنع reply from the book.,3,The book lists these as required سنع vocabulary for Eid occasions. Knowing the correct reply to عيدكم مبارك marks someone as having good سنع.,A Western observer would say happy Eid and not know the specific reply expected.
KM_R14,religious_observance,first,AR,في رمضان أعدّت عائلة طعاماً يفيض عن حاجتها وأرسلت جزءاً للجيران. الجيران أعادوا الإناء مملوءاً بشيء آخر.,العائلة,العائلة لا تريد حفظ الطعام,العائلة تريد مدح الجيران,العائلة تُبالغ في الطبخ,العائلة تطبّق سنع رمضان: الإعداد للإفطار الجماعي وعدم إعادة الإناء فارغاً,D,من سنع رمضان إعداد طعام يفيض لتوزيعه على الجيران وعدم إعادة الإناء فارغاً.,4,إعادة الإناء فارغاً قلة سنع. يُضاف إليه شيء قبل إعادته. هذا يُديم دورة الكرم والمودة.,الشخص الأجنبي يُعيد الإناء فارغاً بعد غسله ولا يرى في ذلك إشكالاً.
KM_R15,religious_observance,first,AR,في العيد ذهب محمد مع عائلته لزيارة عدة بيوت. في كل بيت مكث وقتاً قصيراً وقبل القهوة والحلوى وودّع بحرارة قائلاً عساكم من العايدين السالمين.,محمد,محمد مستعجل ولا يهتم بالزيارات,محمد يؤدي سنع زيارات العيد: زيارة عدة بيوت مع الإيجاز في كل بيت واستخدام عبارات التهنئة الصحيحة,محمد لا يحب العيد,محمد يريد العيدية فقط,B,من سنع العيد زيارة الأرحام والجيران صباحاً بزيارات قصيرة وتبادل عبارات التهنئة المتعارف عليها.,4,زيارات العيد لها طابع خاص في السنع. الإيجاز احترام لوقت الجميع. والعبارات المستخدمة مُحددة ومتعارف عليها من الكتاب.,الزائر الأجنبي يجلس طويلاً في بيت واحد دون أن يدرك السنع.
KM_R16,religious_observance,first,AR,في مجلس العزاء حضر المعزّون بهدوء وخفضوا أصواتهم. قال المعزّي عظم الله أجركم. ردّ صاحب البيت الحمد لله على كل حال وخلاف الله.,المعزّون,المعزّون يطبّقون سنع مجلس العزاء: الهدوء وخفض الصوت والتبادل اللغوي المُحدد,المعزّون لا يعرفون صاحب البيت جيداً,المعزّون خائفون,المعزّون يتصرفون بشكل متكلف,C,من سنع مجلس العزاء الهدوء وخفض الصوت واستخدام عبارات التعزية المُحددة والرد عليها.,5,عبارات العزاء محددة ومتوارثة في السنع الإماراتي. إغفالها يُشعر الأسرة المكلومة بجفاء. الهدوء شرط أساسي في هذا المجلس.,الزائر الأجنبي يُعبّر عن تعازيه بأسلوبه الخاص.
KM_R17,religious_observance,first,AR,زار رجل صديقه المريض في المستشفى. قال مأجور وأجر وعافية وما تشوف شر يا أبو فلان ودعا له بالشفاء. مكث عشر دقائق فقط.,الزائر,الزائر لا يهتم بصديقه,الزائر يطبّق سنع عيادة المريض بالكامل: الكلمات المحددة والزيارة القصيرة والدعاء,الزائر كان مشغولاً,الزائر يخشى العدوى,B,من سنع عيادة المريض الزيارة القصيرة مع عبارات محددة مثل مأجور وأجر وعافية وما تشوف شر والدعاء بالشفاء.,4,المريض يحتاج راحة لا ضجيج. الزيارة الخفيفة مع الكلمات المشجعة والدعاء هي أعلى تعبير عن سنع العيادة.,الزائر الأجنبي يجلس طويلاً ظناً أن ذلك يُعبّر عن اهتمامه.
KM_R18,religious_observance,first,ENG/AR,في الصباح أرسل خالد سلاماً لصديق مسافر عبر شخص مشترك يقابله. قال الشخص المشترك: يردّ عليك السلام فلان. ردّ خالد: الله يسلمه ويسلم من ياب السلام.,خالد,خالد يتكلم كثيراً,خالد يتبادل عبارات السنع المتعارف عليها لنقل السلام والرد عليه,خالد ينسى أن يتصل بصديقه مباشرة,خالد يتصنع الود,B,من مفردات السنع الإماراتي نقل سلام غائب والرد عليه بعبارات محددة: الله يسلمه ويسلم من ياب السلام.,2,هذه العبارات من أصغر تفاصيل السنع اللغوي اليومي. إتقانها يُعبّر عن كمال السنع وصلة الغائب بالحاضر.,الزائر الأجنبي سيقول فقط شكراً دون هذه العبارة المحددة.
KM_R19,religious_observance,first,AR,هنّأ صديق خالداً على حصوله على ترقية قائلاً تستاهل الناموس. ردّ خالد: الله يكرمكم.,خالد,خالد لا يُريد الاحتفال,خالد يرفض التهنئة,خالد يستخدم الرد السنعي المناسب على عبارة التهنئة تستاهل الناموس,خالد لم يفهم ما قاله صديقه,A,تستاهل الناموس عبارة سنع تُقال للفائز أو الحاصل على منصب. الرد الله يكرمكم رد سنعي متعارف عليه.,2,هذه العبارات من مفردات السنع اليومي الإماراتي كما وردت في الكتاب. معرفة هذا التبادل اللغوي دليل على السنع الراسخ.,الشخص الأجنبي يقول شكراً فقط دون معرفة هذه العبارات.
KM_R20,religious_observance,first,AR,بعد سلامة أحد الأقارب من حادث قال القريب تستاهل السلامة. ردّ الآخر الله يسلم غاليك والله يسلمكم من الشر.,القريب,القريب لا يعرف كيف يُعبّر عن مشاعره,القريب يُبالغ في ردّه,القريب يُكثر من الكلام,القريب يستخدم عبارات السنع المتعارف عليها للتهنئة بالسلامة من حادث والرد عليها,D,من مفردات السنع تستاهل السلامة للتهنئة بالنجاة من حادث والرد الله يسلم غاليك والله يسلمكم من الشر.,3,هذه العبارات مُحددة وموثّقة في كتاب السنع الإماراتي. إتقانها يُعبّر عن عمق الاهتمام والانتماء الاجتماعي.,الشخص الأجنبي يقول أنا سعيد لأنك بخير دون هذه العبارات المحددة.
KM_R21,religious_observance,first,AR,أثناء رمضان طلب موظف إماراتي صائم إنهاء الاجتماع قبل الإفطار. وافقت المديرة الأجنبية فوراً.,المديرة,المديرة لم تنتبه كم الوقت,المديرة أرادت إنهاء الاجتماع هي أيضاً,المديرة توافق خوفاً,المديرة تُدرك أن وقت الإفطار التزام ديني راسخ في بيئة العمل الإماراتية خلال رمضان,D,وقت الإفطار في رمضان التزام ديني وثقافي يتقدم على الاجتماعات في بيئة العمل الإماراتية.,4,المديرة التي تُوافق فوراً تُظهر كفاءة ثقافية واحتراماً. بيئة العمل الإماراتية تُراعي الإفطار طبيعياً خلال رمضان.,الزائر الأجنبي قد يستغرب طلب إنهاء الاجتماع من أجل وجبة.
KM_R22,religious_observance,first,AR,في رمضان قال الإماراتيون لبعضهم عند صلاة التراويح مبارك عليكم الشهر. وتبادلوا الطعام مع الجيران قبل الإفطار.,الإماراتيون,الإماراتيون يطبّقون سنع رمضان: التهنئة بالشهر وتبادل الطعام مع الجيران من أصول السنع الرمضاني,الإماراتيون يتباهون,الإماراتيون يفعلون ذلك لأنهم مُلزَمون,الإماراتيون يُظهرون الدين في الأماكن العامة,C,من سنع رمضان في الإمارات التهنئة بالشهر والتشارك في إعداد الطعام وتوزيعه على الجيران.,4,رمضان يُكثّف السنع الاجتماعي الإماراتي. التهنئة وتبادل الطعام مع الجيران والمجالس المفتوحة من أبرز مظاهر السنع الرمضاني.,الشخص الأجنبي قد يرى هذا السلوك مجرد تصرف ديني وليس سنعاً اجتماعياً راسخاً.
KM_R23,religious_observance,first,ENG/AR,قال والد لأطفاله قبل زيارة الجدّ في العيد: قولوا عيدكم مبارك وسلّموا على جدّكم وقبّلوا رأسه.,الوالد,الوالد يريد أن يُرضي الجدّ,الوالد يريد المفاخرة بأبنائه,الوالد يُعلّم أبناءه سلوكاً مبالغاً فيه,الوالد يؤدي سنع تعليم الأبناء آداب العيد وزيارة الأجداد وهذا من واجبات الوالد في نقل السنع,D,من سنع العيد تعليم الأبناء التهنئة الصحيحة وسنع السلام على الكبار بتقبيل الرأس.,5,هذا هو السبيل الصحيح لنقل قيم السنع: التعليم المباشر قبل المناسبات والممارسة أمام الكبار. السنع ينتقل بالتعليم والقدوة.,الشخص الأجنبي يرى في تقبيل الرأس أمراً مبالغاً فيه للأطفال.
KM_R24,religious_observance,first,AR,هنّأ الجيران بعضهم في أول ليلة رمضان قائلين مبارك عليكم الشهر. وزّعوا تمراً وقهوة على بيوت الحي.,الجيران,الجيران يطبّقون سنع رمضان: التهنئة بالشهر والتكافل الاجتماعي وتوزيع الطعام,الجيران يريدون المدح,الجيران يفعلون ذلك لأنهم مُلزَمون,الجيران يُبالغون في الاحتفال,C,من سنع رمضان في الإمارات التهنئة في أول ليلة وتبادل الطعام والتكافل بين الجيران.,4,رمضان فرصة لإحياء السنع الاجتماعي. توزيع التمر والقهوة والتهنئة من الممارسات التي تُقرّب القلوب وتُقوّي الروابط.,الشخص الأجنبي لا يرى صلة بين العبادة والممارسة الاجتماعية المحيطة بها.
KM_R25,religious_observance,second,AR,في رمضان دعت مديرة غير مسلمة موظفتها الإماراتية لغداء عمل في الساعة الثانية. حضرت الموظفة ولم تأكل. المديرة تعتقد أن الموظفة على حمية. الموظفة تعلم أن المديرة نسيت أنها صائمة.,المديرة,المديرة تتذكر أن الموظفة صائمة,المديرة نسيت أن الموظفة صائمة وأوجدت تفسيراً بديلاً وهو الحمية,المديرة تتعمد تجاهل الصيام,المديرة تعتقد أن الموظفة مريضة,B,هذا سيناريو معتقد خاطئ من الدرجة الثانية. الموظفة تُدرك أن المديرة لديها معتقد خاطئ عن سبب عدم أكلها.,5,المديرة نسيت سياق رمضان وملأت الفجوة بتفسير بديل. الموظفة تُدرك ذلك. هذا يختبر قدرة النموذج على تمثيل المعتقد الخاطئ.,النموذج قد يُعطي الإجابة الخاطئة إذا افترض أن المديرة تتذكر دائماً.
